region_id,name,system_count,constellation_count
11000001,A-R00001,143,14
11000002,A-R00002,153,14
11000003,A-R00003,62,6
10000019,A821-A,46,7
12000001,ADR01,40,5
12000002,ADR02,40,5
12000003,ADR03,40,5
12000004,ADR04,40,5
12000005,ADR05,40,5
10000054,Aridia,80,11
11000004,B-R00004,116,11
11000005,B-R00005,102,10
11000006,B-R00006,141,14
11000007,B-R00007,50,5
11000008,B-R00008,128,16
10000069,Black Rise,47,6
10000055,Branch,94,14
11000009,C-R00009,67,10
11000010,C-R00010,51,8
11000011,C-R00011,86,13
11000012,C-R00012,105,16
11000013,C-R00013,43,7
11000014,C-R00014,96,15
11000015,C-R00015,58,9
10000007,Cache,44,7
10000014,Catch,108,15
10000051,Cloud Ring,40,6
10000053,Cobalt Edge,69,10
10000012,Curse,50,7
11000016,D-R00016,78,10
11000017,D-R00017,25,4
11000018,D-R00018,46,7
11000019,D-R00019,94,14
11000020,D-R00020,50,8
11000021,D-R00021,115,18
11000022,D-R00022,87,14
11000023,D-R00023,28,5
10000035,Deklein,68,9
10000060,Delve,97,15
10000001,Derelik,117,16
10000005,Detorid,96,14
10000036,Devoid,52,8
10000043,Domain,189,26
11000024,E-R00024,110,12
11000025,E-R00025,100,13
11000026,E-R00026,68,9
11000027,E-R00027,71,9
11000028,E-R00028,92,12
11000029,E-R00029,90,11
10000039,Esoteria,85,12
10000064,Essence,65,9
10000027,Etherium Reach,100,15
10000037,Everyshore,53,7
10001004,Exordium,53,9
11000030,F-R00030,118,15
10000046,Fade,27,4
10000056,Feythabolis,89,12
10000058,Fountain,115,17
11000031,G-R00031,1,1
19000001,GPMR-01,1,1
10000029,Geminate,84,11
10000067,Genesis,103,15
10000011,Great Wildlands,101,15
11000032,H-R00032,25,3
10000030,Heimatar,83,12
10000025,Immensea,84,12
10000031,Impass,51,7
10000009,Insmother,110,16
10000017,J7HZ-F,77,12
11000033,K-R00033,5,1
10000052,Kador,85,13
10000049,Khanid,84,12
10000065,Kor-Azor,61,9
10000016,Lonetrek,94,15
10000013,Malpais,102,15
10000042,Metropolis,158,23
10000028,Molden Heath,37,6
10000040,Oasa,85,13
10000062,Omist,43,6
10000021,Outer Passage,88,13
10000057,Outer Ring,59,9
10000059,Paragon Soul,39,6
10000063,Period Basis,40,6
10000066,Perrigen Falls,104,15
10000048,Placid,71,11
10000070,Pochven,27,3
10000047,Providence,84,13
10000023,Pure Blind,85,13
10000050,Querious,95,14
10000008,Scalding Pass,81,12
10000032,Sinq Laison,107,15
10000044,Solitude,43,6
10000022,Stain,132,18
10000041,Syndicate,106,14
10000020,Tash-Murkon,103,15
10000045,Tenal,68,10
10000061,Tenerifis,81,12
10000038,The Bleak Lands,35,5
10000033,The Citadel,81,13
10000002,The Forge,88,13
10000034,The Kalevala Expanse,69,10
10000018,The Spire,72,11
10000010,Tribute,54,8
10000004,UUA-F4,107,16
14000001,VR-01,40,5
14000002,VR-02,40,5
14000003,VR-03,40,5
14000004,VR-04,40,5
14000005,VR-05,40,5
10000003,Vale of the Silent,118,17
10000015,Venal,95,14
10000068,Verge Vendor,44,6
10000006,Wicked Creek,82,12
10001000,Yasna Zakh,1,1
